timestamps,VehicleSpeed,Throttle,Gear,EngineRpm,Brake
0.0,0.6075821876254398,0.0,1,600.0,2281.0
0.04,0.13184550846113788,0.0,1,600.0,2282.0
0.08,-0.33983031445174616,0.0,1,600.0,2282.0
0.12000000000000001,0.2891756884649101,0.0,1,600.0,2282.0
0.16000000000000003,-0.18416447953955123,0.0,1,600.0,2282.0
0.2,0.4434426261551433,0.0,1,600.0,2282.0
0.24000000000000005,-0.03130285737728287,0.0,1,600.0,2281.0
0.28,0.5949262169414028,0.0,1,600.0,2281.0
0.32,0.11924061778350095,0.0,1,600.0,2282.0
0.36000000000000004,-0.35232100043475695,0.0,1,600.0,2282.0
0.4,0.2767970580128862,0.0,1,600.0,2281.0
0.44000000000000006,-0.19643055674176024,0.0,1,600.0,2282.0
0.48000000000000004,0.43105079325637335,0.0,1,600.0,2281.0
0.521,-0.043581624683862424,0.0,1,600.0,2281.0
0.5599999999999999,0.5825221537406963,0.0,1,600.0,2282.0
0.6,0.1068865711773448,0.0,1,600.0,2282.0
0.64,-0.3647992932656034,0.0,1,600.0,2283.0
0.68,0.2644306810178168,0.0,1,600.0,2282.0
0.72,-0.20892066996028724,0.0,1,600.0,2282.0
0.76,0.41890920562507467,0.0,1,600.0,2282.0
0.8,-0.055612460626293714,0.0,1,600.0,2281.0
0.84,0.5708360500798412,0.0,1,600.0,2282.0
0.88,0.09524754684084702,0.0,1,600.0,2281.0
0.92,-0.376332922128814,0.0,1,600.0,2282.0
0.959,0.2527643233927184,0.0,1,600.0,2283.0
1.0000000000000002,-0.22024486226376755,0.0,1,600.0,2281.0
1.04,0.40792302385206586,0.0,1,600.0,2281.0
1.08,-0.06626230934353497,0.0,1,600.0,2282.0
1.1210000000000002,0.5600461536933653,0.0,1,600.0,2282.0
1.1600000000000001,0.08426493617346646,0.0,1,600.0,2282.0
1.2000000000000002,-0.38721610672074785,0.0,1,600.0,2282.0
1.2400000000000002,0.24221484885733333,0.0,1,600.0,2282.0
1.2800000000000002,-0.23069849191603123,0.0,1,600.0,2281.0
1.32,0.39732725947168596,0.0,1,600.0,2282.0
1.36,-0.07676147121164884,0.0,1,600.0,2281.0
1.4000000000000001,0.5498778573994256,0.0,1,600.0,2282.0
1.439,0.07439608282602204,0.0,1,600.0,2282.0
1.4800000000000002,-0.39699563787218295,0.0,1,600.0,2281.0
1.5200000000000002,0.23252296876136852,0.0,1,600.0,2281.0
1.5600000000000003,-0.24006619196908915,0.0,1,600.0,2281.0
1.6,0.3878076416208787,0.0,1,600.0,2282.0
1.6400000000000001,-0.08619431753837468,0.0,1,600.0,2282.0
1.6800000000000002,0.5405300927693937,0.0,1,600.0,2281.0
1.7200000000000002,0.0648976700969066,0.0,1,600.0,2281.0
1.7600000000000002,-0.4061719532697392,0.0,1,600.0,2282.0
1.8000000000000003,0.22319273535482698,0.0,1,600.0,2281.0
1.84,-0.2495478418379483,0.0,1,600.0,2281.0
1.8800000000000001,0.3784112288401398,0.0,1,600.0,2281.0
1.9200000000000002,-0.09550510006192271,0.0,1,600.0,2282.0
1.9600000000000002,0.5310671281641357,0.0,1,600.0,2281.0
1.9990000000000003,0.05552123943765887,0.0,1,600.0,2281.0
2.04,-0.41546355516291583,0.0,1,600.0,2281.0
2.08,0.21398437956635905,0.0,1,600.0,2282.0
2.12,-0.25843644491753404,0.0,1,600.0,2281.0
2.16,0.3698386632776948,0.0,1,600.0,2281.0
2.2,-0.10399955896541742,0.0,1,600.0,2281.0
2.2399999999999998,0.5226492583592173,0.0,1,600.0,2282.0
2.28,0.047416477936670844,0.0,1,600.0,2275.0
2.32,-0.4237311538713127,0.0,1,600.0,2180.0
2.36,0.2043739590546222,0.0,1,600.0,2095.0
2.4,-0.2441088089428404,0.0,1,600.0,1996.0
2.44,0.3398780790199433,0.0,1,600.0,1879.0
2.48,-0.06638546918910901,0.0,1,600.0,1768.0
2.52,0.4649931244926171,0.0,1,600.0,1645.0
2.56,0.11143034760906628,0.0,1,600.0,1512.0
2.6,-0.20987121057739824,0.0,1,600.0,1383.0
2.64,0.23613424352479628,0.0,1,600.0,1255.0
2.68,-0.0244279642938868,0.0,1,600.0,1126.0
2.72,0.3592163531884976,0.0,1,600.0,1006.0
2.7600000000000002,0.15822435147482633,0.0,1,600.0,909.0
2.8,-0.01260351268539538,0.0,1,600.0,827.0
2.84,0.2892272497998294,0.0,1,600.0,741.0
2.88,0.15948008734744668,0.0,1,600.0,633.0
2.921,0.051219717466586025,0.0,1,600.0,528.0
2.96,-0.03055637618725876,0.0,1,600.0,426.0
3.0,0.18146461504465852,0.0,1,600.0,331.0
3.04,0.14739107207564556,0.0,1,600.0,255.0
3.08,0.136060456042316,0.0,1,600.0,184.0
3.12,0.14277968732344792,0.0,1,600.0,105.0
3.16,0.16620443796083598,0.0,1,600.0,105.0
3.2,0.20807240444304512,0.0,1,600.0,105.0
3.24,0.24956050577245503,0.0,1,600.0,105.0
3.2800000000000002,0.2906718348047621,0.0,1,600.0,1.0
3.32,0.3314094656106078,0.0,1,600.0,0.0
3.36,0.3963357121265976,0.0,1,600.0,0.0
3.4,0.46090668365564225,0.0,1,600.0,0.0
3.44,0.5248886110072393,0.0,1,600.0,0.0
3.48,0.588286021774325,0.0,1,600.0,0.0
3.521,0.6512778668258041,0.0,1,600.0,0.0
3.56,0.714015122950831,0.0,1,600.0,0.0
3.6,0.7764976291888114,0.0,1,600.0,0.0
3.641,0.838725234359942,1.0,1,600.0,0.0
3.68,0.9006977970799627,1.0,1,600.0,0.0
3.72,0.9624151857735915,1.0,1,600.0,0.0
3.7600000000000002,1.023877278686639,9.0,1,600.0,0.0
3.8000000000000003,1.0850839638967962,9.0,1,600.0,0.0
3.8400000000000003,1.1460351393230916,9.0,1,742.6224984672144,0.0
3.88,1.2454453761541184,17.0,1,836.6378891100312,0.0
3.92,1.3744255038713902,19.0,1,896.3857398413595,0.0
3.96,1.5236358072907263,19.0,1,1102.4011227432247,0.0
4.001,1.7554154886882065,19.0,1,1223.285347983446,0.0
4.04,2.0424569086082736,29.0,1,1271.9128749993567,0.0
4.08,2.3516361186296626,31.0,1,1301.384928269565,0.0
4.121,2.6733868618740346,31.0,1,1482.4872373930366,0.0
4.16,3.093787864171227,31.0,1,1616.774944463326,0.0
4.2,3.5925026743780526,40.0,1,1692.1453710235317,0.0
4.24,4.131770706107596,41.0,1,1732.7401222674218,0.0
4.28,4.687286046006941,41.0,1,1861.46262200676,0.0
4.32,5.323723596148944,47.0,1,1940.7367196618936,1.0
4.36,6.005088842603883,50.0,1,1982.58984845651,0.0
4.4,6.695652642173475,50.0,1,2067.701391670655,0.0
4.44,7.431108127377815,50.0,1,2146.677669943372,0.0
4.481,8.205498793138409,58.0,1,2190.84268020761,0.0
4.5200000000000005,8.986308948840968,61.0,1,2217.7137914715286,0.0
4.5600000000000005,9.751548029296417,61.0,1,2276.0465630306003,0.0
4.601,10.53068620273818,61.0,1,2324.5853317652036,0.0
4.640000000000001,11.314178250307918,70.0,1,2356.1871427671867,0.0
4.68,12.081880053304289,72.0,1,2382.168917321822,0.0
4.721,12.827859817009735,72.0,1,2430.556494778562,0.0
4.76,13.57486194063321,72.0,1,2470.902638445581,0.0
4.8,14.315567048174348,83.0,1,2501.8842368013156,0.0
4.84,15.036728013071142,84.0,1,2531.927684185405,0.0
4.88,15.738251915763785,84.0,1,2589.6665365805657,0.0
4.92,16.44851924269772,93.0,1,2633.2600169192524,0.0
4.96,17.153740503378508,96.0,1,2669.170985103376,0.0
5.0,17.84738277849352,97.0,1,2709.6477926103316,0.0
5.04,18.531696781244456,97.0,1,2748.615007625192,0.0
5.081,19.205397690732077,100.0,1,2785.715575697755,0.0
5.12,19.867977360416443,100.0,1,2820.4732162712057,0.0
5.16,20.518496797432313,100.0,1,2857.0415745308837,0.0
5.2,21.159937987201285,100.0,1,2889.6266743658225,0.0
5.24,21.78962923013796,100.0,1,2920.151317445656,0.0
5.28,22.40507246412964,100.0,1,2950.9107006091954,0.0
5.321000000000001,22.999368066515558,100.0,1,2987.275070919678,0.0
5.36,23.581330508968623,100.0,1,3024.5091963381865,1.0
5.4,24.15140388612976,100.0,1,3064.1402910733923,0.0
5.44,24.71238730592419,100.0,1,3105.184008732462,0.0
5.48,25.26916542258432,100.0,1,3146.7061202934,0.0
5.5200000000000005,25.819999981752833,100.0,1,3194.0084660572816,0.0
5.5600000000000005,26.372664634516852,100.0,1,3239.0711138626307,0.0
5.6000000000000005,26.92294537171909,100.0,1,3285.8590434688763,0.0
5.640000000000001,27.467065901238115,100.0,1,3337.7147406691324,0.0
5.681,28.012929608135213,100.0,1,3387.236825407611,0.0
5.720000000000001,28.555314981129758,100.0,1,3440.334494684693,0.0
5.76,29.100599637427294,100.0,1,3490.575485529573,0.0
5.8,29.642827831285658,100.0,1,3543.938318831057,7.0
5.84,30.186992039360295,100.0,1,3595.3859165894237,0.0
5.88,30.728575266915676,100.0,1,3647.7956924117916,0.0
5.921,31.273194068992275,100.0,1,3695.5799796210067,0.0
5.96,31.812334149397486,100.0,1,3745.6338688394667,0.0
6.0,32.350651087206806,100.0,1,3793.1170836089127,0.0
6.04,32.87653996861696,100.0,1,3849.69092628726,0.0
6.08,33.409833978815854,100.0,1,3894.907290451279,0.0
6.12,33.92762540498882,100.0,1,3952.411035905083,0.0
6.16,34.45651882837122,100.0,1,3994.799474518759,0.0
6.2,34.967317596581466,100.0,1,4052.2485228757623,0.0
6.24,35.490519893834964,100.0,1,4093.5216295059467,0.0
6.28,35.996414388806514,100.0,1,4149.326243678837,0.0
6.32,36.512841603543706,100.0,1,4190.947927522331,0.0
6.36,37.01518688390186,100.0,1,4243.852472829561,0.0
6.4,37.52415619408487,100.0,1,4286.6564640181,0.0
6.44,38.023325648665256,100.0,1,4336.3889231565,0.0
6.48,38.525096503808754,100.0,1,4380.233089759564,0.0
6.521,39.02067388582953,100.0,1,4427.336023171574,0.0
6.5600000000000005,39.516012277109425,100.0,1,4469.559071597896,0.0
6.6000000000000005,40.0046220004073,100.0,1,4512.601376889404,0.0
6.640000000000001,40.48897447036745,100.0,1,4553.884328699793,0.0
6.680000000000001,40.967678734406725,100.0,2,4595.03347065932,0.0
6.720000000000001,42.55187248191709,100.0,2,3284.547198920536,0.0
6.760000000000001,42.93872765650985,100.0,2,3234.3489365375835,0.0
6.800000000000001,43.278672825103634,100.0,2,3254.063805965233,0.0
6.84,43.62027278850958,100.0,2,3270.7422630493666,0.0
6.88,43.96150381138925,100.0,2,3287.6546193879467,0.0
6.92,44.302569564736956,100.0,2,3304.470458328376,0.0
6.96,44.643449354980696,100.0,2,3321.2221101851924,0.0
7.0,44.982476432332845,100.0,2,3340.4444927335644,0.0
7.04,45.321462683455955,100.0,2,3359.2185352638444,0.0
7.08,45.66005809600795,100.0,2,3378.10042126202,0.0
7.121,45.99842232618898,100.0,2,3396.835574477971,0.0
7.16,46.3364830295017,100.0,2,3415.538588707826,0.0
7.2,46.67427072529536,100.0,2,3434.160320626084,0.0
7.24,47.01113698750806,100.0,2,3454.126169787225,0.0
7.28,47.34841920369794,100.0,2,3473.2344361221176,0.0
7.32,47.685323700281494,100.0,2,3492.8032250133533,0.0
7.36,48.022346741556134,100.0,2,3512.0052840292815,0.0
7.4,48.359181399398764,100.0,2,3531.3490670496485,0.0
7.44,48.696009817900745,100.0,2,3550.529785191694,0.0
7.48,49.032722981784055,100.0,2,3569.726756706118,0.0
7.5200000000000005,49.36891372746646,100.0,2,3589.607280869283,0.0
7.5600000000000005,49.705189670954724,100.0,2,3609.1582564697173,0.0
7.6000000000000005,50.041253836196475,100.0,2,3628.246189320435,0.0
7.640000000000001,50.376701984726864,100.0,2,3646.863099846878,0.0
7.680000000000001,50.71115704429046,100.0,2,3665.665386080961,0.0
7.721,51.04491035733651,100.0,2,3684.15521105082,0.0
7.760000000000001,51.37775024617387,100.0,2,3702.70357861429,0.0
7.800000000000001,51.70983453890561,100.0,2,3721.042987334975,0.0
7.840000000000001,52.04105605893124,100.0,2,3739.3639464875746,0.0
7.881,52.37149308415608,100.0,2,3757.536271825981,0.0
7.92,52.701097185859346,100.0,2,3775.648892250538,0.0
7.96,53.02990436334686,100.0,2,3793.644625378272,0.0
8.0,53.35789568321943,100.0,2,3811.561325908828,0.0
8.040000000000001,53.685087036284145,100.0,2,3829.376521074189,0.0
8.08,54.01147273814877,100.0,2,3847.105067909894,0.0
8.120000000000001,54.33549661622921,100.0,2,3867.281310819738,0.0
8.16,54.65984479032764,100.0,2,3885.2959256114464,0.0
8.200000000000001,54.9818232904088,100.0,2,3905.7344930935865,0.0
8.24,55.30467713088319,100.0,2,3923.0836215779464,0.0
8.280000000000001,55.6245884155175,100.0,2,3943.843824938893,0.0
8.321,55.945973250057754,100.0,2,3960.505187033539,0.0
8.360000000000001,56.26383754312124,100.0,2,3981.574600999326,0.0
8.4,56.5837294342815,100.0,2,3997.6095507004984,0.0
8.44,56.899619619557505,100.0,2,4018.885758572996,0.0
8.48,57.21794184772217,100.0,2,4034.5313673546925,0.0
8.52,57.53207613437155,100.0,2,4055.820466681531,0.0
8.56,57.848792981428595,100.0,2,4071.239467025781,0.0
8.6,58.161326275144276,100.0,2,4092.3068791109213,0.0
8.64,58.47631342382671,100.0,2,4107.728765605656,0.0
8.68,58.787381128333756,100.0,2,4128.36161695359,0.0
8.72,59.10053663341189,100.0,2,4143.978022407401,0.0
8.76,59.410238883530745,100.0,2,4164.023006454809,0.0
8.8,59.721505626025916,100.0,2,4179.949346167864,0.0
8.84,60.02989198058722,100.0,2,4199.338976520895,0.0
8.88,60.33926461381786,100.0,2,4215.602415611851,0.0
8.921000000000001,60.64633523860669,100.0,2,4234.353210693124,0.0
8.96,60.953851625536636,100.0,2,4250.907056340357,0.0
9.0,61.259571528016004,100.0,2,4269.095431744087,0.0
9.040000000000001,61.56529487008291,100.0,2,4285.8494673129735,0.0
9.08,61.869613315814306,100.0,2,4303.578706796746,0.0
9.120000000000001,62.17361326088105,100.0,2,4320.431368710045,0.0
9.16,62.47648065990551,100.0,2,4337.802824994646,0.0
9.200000000000001,62.77881958169954,100.0,2,4354.664639782106,0.0
9.24,63.08019758480537,100.0,2,4371.760464608681,0.0
9.280000000000001,63.38092418313285,100.0,2,4388.56503355077,0.0
9.32,63.6807887567918,100.0,2,4405.442872315195,0.0
9.360000000000001,63.979937706355095,100.0,2,4421.7515353029785,0.0
9.4,64.27791153956737,100.0,2,4437.492585034421,0.0
9.440000000000001,64.57429060352854,100.0,2,4453.434096151904,0.0
9.48,64.86938444066158,100.0,2,4469.038980933183,0.0
9.521,65.16299640602634,100.0,2,4484.67668585562,0.0
9.56,65.45527244223888,100.0,2,4500.102346728453,0.0
9.6,65.74613212466711,100.0,2,4515.477120185232,0.0
9.64,66.03564070643804,100.0,2,4530.700411791853,0.0
9.68,66.32377183266877,100.0,2,4545.836139887061,0.0
9.72,66.61055512566227,100.0,2,4560.847386208206,0.0
9.76,66.89598668578627,100.0,2,4575.757450638071,0.0
9.8,67.18008200213164,100.0,2,4590.554558100514,0.0
9.84,67.4628454670604,100.0,2,4605.246813059387,0.0
9.88,67.74428749397318,100.0,2,4619.831317725888,0.0
9.92,68.02441515475596,100.0,2,4634.311079606658,0.0
9.96,68.30323716923978,100.0,2,4648.685995458644,0.0
10.0,68.58076131745341,100.0,2,4662.957533508111,0.0
10.040000000000001,68.85699574776726,100.0,2,4677.126366462321,0.0
10.08,69.13194833472322,100.0,2,4691.193536443801,0.0
10.121,69.40562698720179,100.0,2,4705.159897392493,0.0
10.16,69.67803950594616,100.0,2,4719.026374966813,0.0
10.200000000000001,69.94919364895769,100.0,2,4732.793848999606,0.0
10.24,70.21909710362134,100.0,2,4746.463205435544,0.0
10.280000000000001,70.48775749950353,100.0,2,4760.0353142759095,0.0
10.32,70.75518240389704,100.0,3,4773.51103891657,0.0
10.360000000000001,71.7176174175949,100.0,3,3450.7189763593883,0.0
10.4,71.83573506949928,100.0,3,3696.833980015563,0.0
10.440000000000001,72.1128214081946,100.0,3,3557.1558378708414,0.0
10.48,72.29118084072974,100.0,3,3658.608980522907,0.0
10.520000000000001,72.53095996407521,100.0,3,3607.896890943541,0.0
10.56,72.72996795420624,100.0,3,3658.500874932741,0.0
10.6,72.9578803827008,100.0,3,3635.7637143479124,0.0
10.64,73.16367986249837,100.0,3,3667.476186007722,0.0
10.68,73.38538614590857,100.0,3,3658.421517406732,0.0
10.721,73.59461592669145,100.0,3,3679.6824041456657,0.0
10.76,73.81245860300983,100.0,3,3678.441696669833,0.0
10.8,74.02339095481776,100.0,3,3693.5862200307165,0.0
10.84,74.23870979857634,100.0,3,3696.8158912506824,0.0
10.88,74.45027686792025,100.0,3,3708.5238432603264,0.0
10.92,74.66388979813804,100.0,3,3714.182422816182,0.0
10.96,74.87546219216303,100.0,3,3724.0349144255233,0.0
11.0,75.08784324110003,100.0,3,3730.940300079198,0.0
11.040000000000001,75.29906853814798,100.0,3,3739.8247108498153,0.0
11.081000000000001,75.5104786052555,100.0,3,3747.3279572398587,0.0
11.120000000000001,75.7211696350192,100.0,3,3755.717771063063,0.0
11.16,75.93174541294319,100.0,3,3763.4808576679975,0.0
11.200000000000001,76.1418080949942,100.0,3,3771.616358295264,0.0
11.24,76.35161806445261,100.0,3,3779.47210729462,0.0
11.280000000000001,76.56100788578496,100.0,3,3787.469369702744,0.0
11.321,76.77008514394015,100.0,3,3795.3392605492213,0.0
11.360000000000001,76.97878257141035,100.0,3,3803.251740511251,0.0
11.4,77.1871428457855,100.0,3,3811.1007878280375,0.0
11.440000000000001,77.39514027460828,100.0,3,3818.95202570191,0.0
11.48,77.60279121177544,100.0,3,3826.765502019595,0.0
11.520000000000001,77.81008643937747,100.0,3,3834.565481597655,0.0
11.561,78.0170321188253,100.0,3,3842.337601152264,0.0
11.600000000000001,78.2236252646294,100.0,3,3850.09047363058,0.0
11.64,78.42986827040501,100.0,3,3857.819196883915,0.0
11.68,78.63576040139645,100.0,3,3865.526728736803,0.0
11.72,78.84097866594409,100.0,3,3873.975540240377,0.0
11.76,79.04585936671256,100.0,3,3882.2999122953147,0.0
11.8,79.25031152471131,100.0,3,3890.725382963194,0.0
11.84,79.45444697684597,100.0,3,3898.9775568583796,0.0
11.88,79.65813188942452,100.0,3,3907.3876904749286,0.0
11.921000000000001,79.86152741460513,100.0,3,3915.559710431911,0.0
11.96,80.06444359093223,100.0,3,3923.9633835909567,0.0
12.0,80.26710473755743,100.0,3,3932.046725879199,0.0
12.040000000000001,80.46925061809537,100.0,3,3940.4529901118626,0.0
12.08,80.6711828148616,100.0,3,3948.439417161209,0.0
12.120000000000001,80.87255717573291,100.0,3,3956.856501190445,0.0
12.16,81.07376527811138,100.0,3,3964.7391812256396,0.0
12.200000000000001,81.27436772006934,100.0,3,3973.173282954553,0.0
12.24,81.47485550272282,100.0,3,3980.948044636286,0.0
12.280000000000001,81.67468695599962,100.0,3,3989.4020822048587,0.0
12.32,81.87445663351593,100.0,3,3997.0686010678864,0.0
12.360000000000001,82.07351978603431,100.0,3,4005.5411514106054,0.0
12.4,82.27257166021722,100.0,3,4013.1290221181716,0.0
12.440000000000001,82.47089178389146,100.0,3,4021.622514199444,0.0
12.48,82.66925110367697,100.0,3,4029.1222643866818,0.0
12.521,82.86684510028229,100.0,3,4037.6128839539815,0.0
12.56,83.06450788955112,100.0,3,4045.0387657326432,0.0
12.600000000000001,83.26138386937882,100.0,3,4053.511001685149,0.0
12.64,83.45834488720304,100.0,3,4060.8803996908646,0.0
12.680000000000001,83.65451191496412,100.0,3,4069.3163760985244,0.0
12.72,83.85076532309023,100.0,3,4076.64816383482,0.0
12.76,84.04623268536983,100.0,3,4085.0294452037283,0.0
12.8,84.24177281583003,100.0,3,4092.342092198741,0.0
12.84,84.43654925126033,100.0,3,4100.65158309282,0.0
12.88,84.63137134571996,100.0,3,4107.961329391444,0.0
12.92,84.82546436676547,100.0,3,4116.1849502890755,0.0
12.96,85.01956516577319,100.0,3,4123.504349178689,0.0
13.0,85.21298057990401,100.0,3,4131.63222203348,0.0
13.040000000000001,85.4063586745317,100.0,3,4138.969267696552,0.0
13.08,85.59910036777298,100.0,3,4146.996254846129,0.0
13.121,85.79175627823801,100.0,3,4154.35418332092,0.0
13.16,85.98382626840583,100.0,3,4162.279760698589,0.0
13.200000000000001,86.17576226965895,100.0,3,4169.657475830241,0.0
13.24,86.36716098499946,100.0,3,4177.485048923337,0.0
13.281,86.55838074377598,100.0,3,4184.878014878041,0.0
13.32,86.7491074475334,100.0,3,4192.613873064687,0.0
13.360000000000001,86.9396155595084,100.0,3,4200.015254994622,0.0
13.4,87.12966882835175,100.0,3,4207.667391379947,0.0
13.440000000000001,87.31947034525027,100.0,3,4215.069222426157,0.0
13.481,87.50884851856794,100.0,3,4222.646224238534,0.0
13.520000000000001,87.69794853738817,100.0,3,4230.040420414669,0.0
13.56,87.88665007869159,100.0,3,4237.550575432697,0.0
13.600000000000001,88.07505343680857,100.0,3,4244.92968984998,0.0
13.64,88.2630771787747,100.0,3,4252.38037963955,0.0
13.680000000000001,88.4507882687272,100.0,3,4259.7380614991835,0.0
13.721,88.63813354128061,100.0,3,4267.135443378885,0.0
13.760000000000002,88.82515623472285,100.0,3,4274.466627307491,0.0
13.8,89.01182289540996,100.0,3,4281.815557818378,0.0
13.84,89.1981605508269,100.0,3,4289.1164460252985,0.0
13.88,89.38414894659098,100.0,3,4296.420574186785,0.0
13.92,89.56980447023986,100.0,3,4303.68848675939,0.0
13.96,89.75511536067746,100.0,3,4310.950442860795,0.0
14.0,89.94009129265461,100.0,3,4318.183605614514,0.0
14.040000000000001,90.12472575980617,100.0,3,4325.405223613475,0.0
14.08,90.30902436390622,100.0,3,4332.602546267357,0.0
14.120000000000001,90.49298372589608,100.0,3,4339.7850769331135,0.0
14.16,90.67660706995711,100.0,3,4346.945954581086,0.0
14.200000000000001,90.85989280802414,100.0,3,4354.090245715386,0.0
14.24,91.04284282856919,100.0,3,4361.21439897616,0.0
14.280000000000001,91.22545653083174,100.0,3,4368.3210343691335,0.0
14.321000000000002,91.40773508095647,100.0,3,4375.4083908799885,0.0
14.360000000000001,91.58967840220959,100.0,3,4382.4777896788455,0.0
14.4,91.77128728466631,100.0,3,4389.528402159803,0.0
14.440000000000001,91.95256191945204,100.0,3,4396.560885434689,0.0
14.48,92.13350290813139,100.0,3,4403.574878435955,0.0
14.520000000000001,92.31411057372613,100.0,3,4410.310619432943,0.0
14.56,92.49421454701249,100.0,3,4416.962616549506,0.0
14.600000000000001,92.6737784828692,100.0,3,4423.62935369683,0.0
14.64,92.85283157389297,100.0,3,4430.239459366526,0.0
14.680000000000001,93.03135558722836,100.0,3,4436.8444937739905,0.0
14.72,93.20936624182087,100.0,3,4443.40795397298,0.0
14.760000000000002,93.3868551836577,100.0,3,4449.95577387129,0.0
14.8,93.5638309366028,100.0,3,4456.470071632299,0.0
14.840000000000002,93.74029029729708,100.0,3,4462.963395983271,0.0
14.88,93.91623811173532,100.0,3,4469.427376774742,0.0
14.921000000000001,94.09167374283359,100.0,3,4475.867874200782,0.0
14.96,94.26660023506895,100.0,3,4482.281166161208,0.0
15.0,94.44101817182893,100.0,3,4488.669914571174,0.0
15.040000000000001,94.61492975015084,100.0,3,4495.032570415195,0.0
15.081000000000001,94.78833610571519,100.0,3,4501.370331734655,0.0
15.120000000000001,94.96123905083039,100.0,3,4507.68262142667,0.0
15.16,95.13363995700296,100.0,3,4513.969995897031,0.0
15.200000000000001,95.30554046597663,100.0,3,4520.2322936707105,0.0
15.24,95.47694204204689,100.0,3,4526.469801570189,0.0
15.281,95.64784625104741,100.0,3,4532.682527813876,0.0
15.32,95.81825458836013,100.0,3,4538.870650384994,0.0
15.360000000000001,95.98816858388533,100.0,3,4545.03424337117,0.0
15.4,96.1575897386978,100.0,3,4551.173442249606,0.0
15.440000000000001,96.32651956291956,100.0,3,4557.288345116174,0.0
15.48,96.49495955336371,100.0,3,4563.379071095992,0.0
15.521,96.66291120664052,100.0,3,4569.4457261740645,0.0
15.56,96.8303760116033,100.0,3,4575.488422980941,0.0
15.600000000000001,96.99735545370369,100.0,3,4581.507269465704,0.0
15.64,97.1638510125542,100.0,3,4587.502375319874,0.0
15.680000000000001,97.32986416332383,100.0,3,4593.473848381133,0.0
15.72,97.49539637599354,100.0,3,4599.421796633134,0.0
15.760000000000002,97.66044911579368,100.0,3,4605.3463271132605,0.0
15.8,97.82502384299544,100.0,3,4611.247546510543,0.0
15.840000000000002,97.98912201305133,100.0,3,4617.125560849569,0.0
15.88,98.15274507654895,100.0,3,4622.980475663313,0.0
15.920000000000002,98.31589447926336,100.0,3,4628.812395907193,0.0
15.96,98.47857166215768,100.0,3,4634.621426008568,0.0
16.0,98.64077806141046,100.0,3,4640.407669846064,0.0
16.04,98.8025151084292,100.0,3,4646.171230764814,0.0
16.080000000000002,98.96378422987071,100.0,3,4651.912211573474,0.0
16.121000000000002,99.12458684765792,100.0,3,4657.630714550337,0.0
16.16,99.28492437899841,100.0,3,4663.326841444906,0.0
16.2,99.44479823640191,100.0,3,4669.000693481671,0.0
16.240000000000002,99.60420982769817,100.0,3,4674.652371362785,0.0
16.28,99.76316055605461,100.0,3,4680.281975271232,0.0
16.32,99.92165181999391,100.0,3,4685.889604873745,0.0
16.36,100.07968501341146,100.0,3,4691.475359323808,0.0
16.400000000000002,100.23726152559288,100.0,3,4697.039337264581,0.0
16.44,100.39438274123131,100.0,4,4702.581636831852,0.0
16.48,101.0158552827684,100.0,4,3413.0604549664768,0.0
16.521,101.10333672224661,100.0,4,3509.2192543766646,0.0
16.560000000000002,101.23131164649264,100.0,4,3462.823422529303,0.0
16.601000000000003,101.33767795845017,100.0,4,3491.069874011374,0.0
16.64,101.45512116731695,100.0,4,3479.7377324550675,0.0
16.68,101.56606444758663,100.0,4,3490.9407874089516,0.0
16.721,101.68060290915503,100.0,4,3488.967848470061,0.0
16.76,101.79275077215675,100.0,4,3495.134342444137,0.0
16.8,101.9062101947464,100.0,4,3496.256752827681,0.0
16.841,102.01869528977231,100.0,4,3500.4748720612097,0.0
16.880000000000003,102.13161088991588,100.0,4,3502.7861578368743,0.0
16.92,102.24409602349344,100.0,4,3506.2562897840717,0.0
16.96,102.35667618078188,100.0,4,3509.0140298657875,0.0
17.0,102.46903161837234,100.0,4,3512.197807067581,0.0
17.04,102.58135610081987,100.0,4,3515.117607831849,0.0
17.081,102.69353254861335,100.0,4,3518.190222775437,0.0
17.12,102.80563138719644,100.0,4,3521.1648173210892,0.0
17.16,102.91761034221797,100.0,4,3524.191828579399,0.0
17.2,103.02949463892494,100.0,4,3527.18136473262,0.0
17.240000000000002,103.14126921971696,100.0,4,3530.1869588039585,0.0
17.28,103.25294298293859,100.0,4,3533.176853370093,0.0
17.321,103.36451063203572,100.0,4,3536.169830391722,0.0
17.36,103.47597525258072,100.0,4,3539.154830666382,0.0
17.400000000000002,103.58733499895614,100.0,4,3542.1383522281612,0.0
17.44,103.69859091715149,100.0,4,3545.1165998633237,0.0
17.48,103.80974236445435,100.0,4,3548.0917915299137,0.0
17.52,103.920789681742,100.0,4,3551.062644841333,0.0
17.561,104.03173263991395,100.0,4,3554.029907768973,0.0
17.6,104.14257133987107,100.0,4,3556.9931547620363,0.0
17.64,104.25330569300701,100.0,4,3559.952636139746,0.0
17.68,104.3639357200268,100.0,4,3562.9082143438213,0.0
17.720000000000002,104.47446137967623,100.0,4,3565.859973622654,0.0
17.76,104.58488266655756,100.0,4,3568.8078718318625,0.0
17.801000000000002,104.69519955546191,100.0,4,3571.7519385906708,0.0
17.84,104.80541203293635,100.0,4,3574.6921629133562,0.0
17.880000000000003,104.91552007944536,100.0,4,3577.6285567040813,0.0
17.921,105.0255236794142,100.0,4,3580.561119005858,0.0
17.96,105.13542281559305,100.0,4,3583.4898560589318,0.0
18.0,105.24521747220685,100.0,4,3586.4147700868025,0.0
18.040000000000003,105.3549076331997,100.0,4,3589.335865543363,0.0
18.080000000000002,105.46449328320854,100.0,4,3592.2531456450665,0.0
18.12,105.57397440702357,100.0,4,3595.166614289128,0.0
18.16,105.68335098988481,100.0,4,3598.0762749962614,0.0
18.2,105.79262301731825,100.0,4,3600.9821314913565,0.0
18.240000000000002,105.90179047522462,100.0,4,3603.817197956969,0.0
18.28,106.01082461503054,100.0,4,3606.5574206032056,0.0
18.321,106.11963604690337,100.0,4,3609.5258509892083,0.0
18.36,106.22833529152659,100.0,4,3612.3140519702483,0.0
18.400000000000002,106.33683729807359,100.0,4,3615.2368189091867,0.0
18.44,106.44521033986744,100.0,4,3618.0424130756655,0.0
18.48,106.55340027444602,100.0,4,3620.931446337904,0.0
18.521,106.66145034200991,100.0,4,3623.7446658646654,0.0
18.560000000000002,106.76932659681837,100.0,4,3626.608064219348,0.0
18.6,106.87705604896587,100.0,4,3629.422358044614,0.0
18.641000000000002,106.98461774572556,100.0,4,3632.2655310218042,0.0
18.68,107.09202833704248,100.0,4,3635.0765844549874,0.0
18.720000000000002,107.19927510016157,100.0,4,3637.903089753515,0.0
18.76,107.30636817353133,100.0,4,3640.708113574175,0.0
18.8,107.41329996749451,100.0,4,3643.5202574343584,0.0
18.84,107.52007659059923,100.0,4,3646.3174837649003,0.0
18.881,107.62669360591049,100.0,4,3649.116742117706,0.0
18.92,107.73315466595885,100.0,4,3651.9050745031104,0.0
18.96,107.83945724080202,100.0,4,3654.6923822516515,0.0
19.0,107.94560350891916,100.0,4,3657.4711577514167,0.0
19.040000000000003,108.05159207643378,100.0,4,3660.247103468238,0.0
19.080000000000002,108.1574242505572,100.0,4,3663.015934121519,0.0
19.121000000000002,108.26309930404756,100.0,4,3665.7808885168965,0.0
19.16,108.36861803694784,100.0,4,3668.539557746757,0.0
19.2,108.47398010736262,100.0,4,3671.2937568139755,0.0
19.240000000000002,108.57918602459824,100.0,4,3674.0421530140575,0.0
19.28,108.68423566622367,100.0,4,3676.7857508332863,0.0
19.32,108.78912937743,100.0,4,3679.5238255814797,0.0
19.36,108.89386715896502,100.0,4,3682.256927238259,0.0
19.400000000000002,108.99844926482008,100.0,4,3684.984669484362,0.0
19.44,109.10287576390698,100.0,4,3687.7073512207685,0.0
19.48,109.2071468603497,100.0,4,3690.4247716274513,0.0
19.52,109.31126266027863,100.0,4,3693.137092958464,0.0
19.560000000000002,109.41522334101529,100.0,4,3695.8442145695294,0.0
19.6,109.51902902877067,100.0,4,3698.5462254406934,0.0
19.64,109.62267988673501,100.0,4,3701.243078216928,0.0
19.68,109.72617605185407,100.0,4,3703.9348231596337,0.0
19.721,109.82951768003997,100.0,4,3706.62144083448,0.0
19.76,109.93270491395391,100.0,4,3709.3029613371195,0.0
19.8,110.03573790587873,100.0,4,3711.9793796381564,0.0
19.84,110.13861680153552,100.0,4,3714.6507154764327,0.0
19.880000000000003,110.24134175148995,100.0,4,3717.3169711364576,0.0
19.92,110.34391290313846,100.0,4,3719.9781611073686,0.0
19.961000000000002,110.44633040631521,100.0,4,3722.6342913238263,0.0
20.0,110.54859440938003,100.0,4,3725.2853736440356,0.0
20.040000000000003,110.650705061935,100.0,4,3727.9314157885415,0.0
20.080000000000002,110.75266251294163,100.0,4,3730.5724283071877,0.0
20.12,110.85446691201803,100.0,4,3733.2084197721297,0.0
20.16,110.95611840854531,100.0,4,3735.839400082784,0.0
20.201,111.0576171522779,100.0,4,3738.4653782017867,0.0
20.240000000000002,111.15896329292514,100.0,4,3741.086363700544,0.0
20.28,111.260156980434,100.0,4,3743.7023657080326,0.0
20.321,111.3611983647957,100.0,4,3746.3133936233253,0.0
20.36,111.4620875961745,100.0,4,3748.919456634449,0.0
20.400000000000002,111.56282482481923,100.0,4,3751.5205640422378,0.0
20.441000000000003,111.66341020112083,100.0,4,3754.1167250432277,0.0
20.48,111.76384387557208,100.0,4,3756.7079488747872,0.0
20.52,111.86412599879269,100.0,4,3759.294244718549,0.0
20.560000000000002,111.96425672151082,100.0,4,3761.875621764539,0.0
20.6,112.06423619457358,100.0,4,3764.452089168845,0.0
20.64,112.16406456893834,100.0,4,3767.0236560815606,0.0
20.681,112.26374199567668,100.0,4,3769.5903316285057,0.0
20.720000000000002,112.36326862597002,100.0,4,3772.1521249232433,0.0
20.76,112.46264461111079,100.0,4,3774.7090450593073,0.0
20.801000000000002,112.56187010249987,100.0,4,3777.2611011153076,0.0
20.84,112.66094525164654,100.0,4,3779.808302151692,0.0
20.880000000000003,112.75987021016682,100.0,4,3782.3506572128886,0.0
20.921,112.85864512978281,100.0,4,3784.8881753259893,0.0
20.96,112.95727016232134,100.0,4,3787.420865501653,0.0
21.0,113.05574545971317,100.0,4,3789.9487367335887,0.0
21.041,113.1540711739918,100.0,4,3792.471797998939,0.0
21.080000000000002,113.25224745729251,100.0,4,3794.9900582580963,0.0
21.12,113.35027446185131,100.0,4,3797.503526454879,0.0
21.16,113.44815234000394,100.0,4,3800.0122115164772,0.0
21.200000000000003,113.5458812441847,100.0,4,3802.516122353541,0.0
21.240000000000002,113.64346132692562,100.0,4,3805.0152678601858,0.0
21.281000000000002,113.74089274085529,100.0,4,3807.5096569140446,0.0
21.32,113.83817563869789,100.0,4,3809.9992983762895,0.0
21.36,113.9353101732722,100.0,4,3812.4842010916786,0.0
21.400000000000002,114.0322964974905,100.0,4,3814.9643738885807,0.0
21.44,114.12913476435764,100.0,4,3817.4398255790147,0.0
21.48,114.22582512696995,100.0,4,3819.910564958683,0.0
21.521,114.3223677385143,100.0,4,3822.376600807005,0.0
21.560000000000002,114.41876275226706,100.0,4,3824.8379418871505,0.0
21.6,114.51501032159302,100.0,4,3827.294596946079,0.0
21.64,114.61111059994454,100.0,4,3829.746574714562,0.0
21.68,114.70706374086042,100.0,4,3832.19388390723,0.0
21.720000000000002,114.80286989796497,100.0,4,3834.6365332225987,0.0
21.761000000000003,114.89852922496691,100.0,4,3837.0745313430994,0.0
21.8,114.99404187565854,100.0,4,3839.507886935123,0.0
21.84,115.0894080039146,100.0,4,3841.936608649043,0.0
21.880000000000003,115.18462776369135,100.0,4,3844.3607051192535,0.0
21.92,115.27970130902558,100.0,4,3846.780184964201,0.0
21.96,115.37462879403357,100.0,4,3849.1950567864183,0.0
22.001,115.46941037291019,100.0,4,3851.6053291725566,0.0
22.040000000000003,115.56404619992784,100.0,4,3854.0110106934176,0.0
22.080000000000002,115.65853642943553,100.0,4,3856.412109903989,0.0
22.121000000000002,115.75288121585785,100.0,4,3858.8086353434696,0.0
22.16,115.84708071369406,100.0,4,3861.200595535314,0.0
22.200000000000003,115.94113507751703,100.0,4,3863.5879989872506,0.0
22.241,116.03504446197239,100.0,4,3865.970854191328,0.0
22.28,116.12880902177744,100.0,4,3868.349169623935,0.0
22.32,116.22242891172024,100.0,4,3870.722953745838,0.0
22.360000000000003,116.3159042866587,100.0,4,3873.0922150022143,0.0
22.400000000000002,116.40923530151949,100.0,4,3875.456961822683,0.0
22.44,116.50242211129721,100.0,4,3877.817202621332,0.0
22.48,116.59537251758664,100.0,4,3880.494583410251,0.0
22.52,116.68823356619859,100.0,4,3882.946589372157,0.0
22.560000000000002,116.7808706457414,100.0,4,3885.6638574477156,0.0
22.601000000000003,116.87344878585687,100.0,4,3888.046279152984,0.0
22.64,116.96576706739819,100.0,4,3890.825919703948,0.0
22.68,117.05807029833792,100.0,4,3893.1121835210824,0.0
22.721,117.15006184993989,100.0,4,3895.985648046239,0.0
22.76,117.24210102562715,100.0,4,3898.1387819339475,0.0
22.8,117.3337546224086,100.0,4,3901.14952200951,0.0
22.841,117.42554439061391,100.0,4,3903.1187325435785,0.0
22.882,117.5168444640452,100.0,4,3906.3260307150863,0.0
22.92,117.60840444252811,100.0,4,3908.042416560147,0.0
22.96,117.69932977828859,100.0,4,3911.5261352288376,0.0
23.0,117.79068600033858,100.0,4,3912.897418680874,0.0
23.040000000000003,117.88120815602483,100.0,4,3916.7637725571008,0.0
23.081,117.97239481218335,100.0,4,3917.6679518238484,0.0
23.12,118.06247623494708,100.0,4,3922.0563779094327,0.0
23.16,118.15353772712396,100.0,4,3922.334241653547,0.0
23.200000000000003,118.24312956586182,100.0,4,3927.4253883025312,0.0
23.240000000000002,118.33412287339297,100.0,4,3926.8718952507497,0.0
23.28,118.42316250173275,100.0,4,3932.896673852171,0.0
23.321,118.51415983475619,100.0,4,3931.2512891438732,0.0
23.360000000000003,118.60256813124961,100.0,4,3938.5008230658796,0.0
23.400000000000002,118.69365981337172,100.0,4,3935.437025809319,0.0
23.44,118.78133828579985,100.0,4,3944.2731849329098,0.0
23.48,118.87263576296233,100.0,4,3939.387526937605,0.0
23.52,118.95946365696771,100.0,4,3950.2535432741356,0.0
23.561,119.05110246898363,100.0,4,3943.0548605412546,0.0
23.6,119.13693407112024,100.0,4,3956.485267188666,0.0
23.64,119.22907654067545,100.0,4,3946.3849444187135,0.0
23.68,119.31373897804863,100.0,4,3963.0137454759047,0.0
23.720000000000002,119.40657626036992,100.0,4,3949.3183406093326,0.0
23.76,119.48986822095871,100.0,4,3969.88387495387,0.0
23.8,119.58362120456145,100.0,4,3951.791965567592,0.0
23.84,119.66531316207019,100.0,4,3977.136341928728,0.0
23.880000000000003,119.76023150639202,100.0,4,3953.7421952769055,0.0
23.921000000000003,119.84006823371612,100.0,4,3984.8024376138137,0.0
23.96,119.93642657280823,100.0,4,3955.1100299381724,0.0
24.0,120.01413295288572,100.0,4,3992.8972354884827,0.0
24.040000000000003,120.1122230175238,100.0,4,3955.8491358830297,0.0
24.080000000000002,120.1875143500446,100.0,4,4001.411225568946,0.0
24.12,120.28754413439931,100.0,4,3956.2484638226733,0.0
24.161,120.36030245055059,100.0,4,4010.025444899943,0.0
24.200000000000003,120.46188265542462,100.0,4,3958.1263968086337,0.0
24.240000000000002,120.53291978238681,100.0,4,4017.155062248327,0.0
24.28,120.63541816524706,100.0,4,3960.8598357974065,0.0
24.32,120.7051977791,100.0,4,4023.4475975005103,0.0
24.360000000000003,120.80825690075048,100.0,4,3964.079638036493,0.0
24.400000000000002,120.87704377473905,100.0,4,4029.260669127251,0.0
24.44,120.98046064797934,100.0,4,3967.5723596787598,0.0
24.48,121.0484071146534,100.0,4,4034.791980305422,0.0
24.521,121.1520649738116,100.0,4,3971.2170217428315,0.0
24.560000000000002,121.21926053587734,100.0,4,4040.1504041346507,0.0
24.6,121.32309035141033,100.0,4,3974.9460946356166,0.0
24.64,121.38958974028117,100.0,4,4045.395654031257,0.0
24.68,121.49354873880209,100.0,4,3978.722276481326,0.0
24.720000000000002,121.5593875507858,100.0,4,4050.5604620342137,0.0
24.76,121.66344737008347,100.0,4,3982.52505434861,0.0
24.8,121.72865065991738,100.0,4,4055.6628962288733,0.0
24.84,121.83279089467678,100.0,4,3986.343099346394,0.0
24.880000000000003,121.89737784034199,100.0,4,4060.7131307316413,0.0
24.92,122.00158256290595,100.0,4,3990.170043412661,0.0
24.96,122.06556897221199,100.0,4,4065.717122162467,0.0
25.0,122.16982487265321,100.0,4,3994.002172723178,0.0
25.040000000000003,122.23322452128794,100.0,4,4070.6785814621535,0.0
25.080000000000002,122.33751991704834,100.0,4,3997.8371867724227,0.0
25.121000000000002,122.40034526246855,100.0,4,4075.600018797356,0.0
25.16,122.50466956905922,100.0,4,4001.673539872911,0.0
25.200000000000003,122.56693213505233,100.0,4,4080.4909013228507,0.0
25.240000000000002,122.67127890974041,100.0,4,4005.5053877610485,0.0
25.28,122.73298726864921,100.0,4,4085.3583912116655,0.0
25.32,122.83728204039267,100.0,4,4009.5761416944215,0.0
25.360000000000003,122.8985579507625,100.0,4,4090.021499332905,0.0
25.400000000000002,123.0026172546315,100.0,4,4014.101268554157,0.0
25.44,123.06368116065696,100.0,4,4094.3340656207106,0.0
25.481,123.16729141079054,100.0,4,4019.0530743573386,0.0
25.520000000000003,123.2283495031629,100.0,4,4098.320446492635,0.0
25.560000000000002,123.33131503232376,100.0,4,4024.391128115406,0.0
25.6,123.39255449064692,100.0,4,4102.009834559886,0.0
25.64,123.49470108727684,100.0,4,4030.067043388826,0.0
25.68,123.55628723718121,100.0,4,4105.433987059447,0.0
25.721,123.65746392142393,100.0,4,4036.028567196065,0.0
25.76,123.7195389448618,100.0,4,4108.625580990196,0.0
25.8,123.81961842809287,100.0,4,4042.22268692139,0.0
25.84,123.88230119852204,97.0,4,4111.617158823596,0.0
25.880000000000003,123.98117946287294,92.0,4,4048.597749688988,0.0
25.92,124.04456610944992,84.0,4,4110.289408785403,0.0
25.961000000000002,124.13965822222983,74.0,4,4047.8621417605723,0.0
26.0,124.20048534808019,66.0,4,4092.071922509198,0.0
26.040000000000003,124.28249812826692,56.0,4,4014.089517871971,0.0
26.080000000000002,124.32706917456535,46.0,4,4028.3174346213655,0.0
26.12,124.376877813519,33.0,4,3953.762474814737,0.0
26.16,124.39911571270343,18.0,4,3882.393030688412,0.0
26.200000000000003,124.40134936720062,3.0,4,3720.054356025536,0.0
26.240000000000002,124.37280657792589,0.0,4,3509.4138232186633,0.0
26.28,124.32164910263755,0.0,4,3293.7406398463604,0.0
26.321,124.25772492062208,0.0,4,3108.9766074491117,0.0
26.360000000000003,124.18732871295109,0.0,4,2950.9085681108686,0.0
26.400000000000002,124.1133322794841,0.0,4,2808.572338989618,0.0
26.44,124.03709460608552,0.0,4,2676.933682792309,0.0
26.48,123.95937555174622,0.0,4,2553.147801281343,0.0
26.520000000000003,123.88064230422889,0.0,4,2435.4451212537956,0.0
26.560000000000002,123.80120082214931,0.0,4,2322.6513735211906,0.0
26.6,123.72126061697958,0.0,4,2213.950085851743,1173.0
26.64,123.64096993769195,0.0,4,2108.7530730852427,1332.0
26.680000000000003,123.28343621009856,0.0,4,2006.624546124185,1332.0
26.720000000000002,122.88852095586226,0.0,4,1907.2122511677771,1332.0
26.76,122.49387056790786,0.0,4,1810.2702146207814,2283.0
26.8,122.0995261147577,0.0,4,1715.6057364629569,2282.0
26.84,121.48094346180648,0.0,4,1623.063104577562,2282.0
26.880000000000003,120.86321790936498,0.0,4,1532.5092311725275,2282.0
26.92,120.2461281768652,0.0,4,1444.1482690943446,2282.0
26.96,119.62968553452487,0.0,4,1357.9820499623684,2282.0
27.0,119.01389799137361,0.0,4,1273.9187479603222,2282.0
27.040000000000003,118.39877092905171,0.0,4,1191.8776808556888,2282.0
27.080000000000002,117.7843076660284,0.0,4,1111.7501740589976,2281.0
27.12,117.17050988688057,0.0,4,1033.145159554143,2281.0
27.16,116.55761408720481,0.0,4,956.0193941225432,2281.0
27.200000000000003,115.94538324047768,0.0,4,880.3337635324607,2282.0
27.240000000000002,115.33381595427483,0.0,4,806.0525435152651,2282.0
27.28,114.72267406899539,0.0,4,733.1428051238123,2282.0
27.32,114.11219147978724,0.0,4,661.5739322718542,2282.0
27.360000000000003,113.50236528355657,0.0,4,600.0,2282.0
27.400000000000002,112.89319252556955,0.0,4,600.0,2281.0
27.44,112.28467117665929,0.0,4,600.0,2281.0
27.479000000000003,111.67703318822022,0.0,4,600.0,2281.0
27.521,111.07003798476146,0.0,4,600.0,2282.0
27.560000000000002,110.4636814051615,0.0,4,600.0,2282.0
27.6,109.85772315700038,0.0,4,600.0,2282.0
27.64,109.2523955016625,0.0,4,600.0,2282.0
27.680000000000003,108.6476943209663,0.0,4,600.0,2281.0
27.720000000000002,108.04361551179657,0.0,4,600.0,2281.0
27.76,107.44039113270247,0.0,4,600.0,2281.0
27.8,106.83778072394409,0.0,4,600.0,2281.0
27.84,106.2357802298191,0.0,4,600.0,2281.0
27.880000000000003,105.63438560920545,0.0,4,600.0,2281.0
27.92,105.03359283544502,0.0,4,600.0,2281.0
27.96,104.43339789622769,0.0,4,600.0,2282.0
28.0,103.83379679347645,0.0,4,600.0,2283.0
28.040000000000003,103.23454939651528,0.0,4,600.0,2283.0
28.079,102.63565196569431,0.0,4,600.0,2283.0
28.121000000000002,102.03733691774642,0.0,4,600.0,2282.0
28.16,101.4396003046222,0.0,4,600.0,2282.0
28.200000000000003,100.84267433868088,0.0,4,600.0,2282.0
28.240000000000002,100.24631872745682,0.0,4,600.0,2282.0
28.28,99.65052956651462,0.0,4,600.0,2282.0
28.32,99.05530296476965,0.0,4,600.0,2282.0
28.360000000000003,98.46063504437979,0.0,4,600.0,2282.0
28.400000000000002,97.86652194063782,0.0,4,600.0,2282.0
28.44,97.27295980186473,0.0,4,600.0,2281.0
28.48,96.67994478930345,0.0,4,600.0,2281.0
28.520000000000003,96.0877092237315,0.0,4,600.0,2281.0
28.560000000000002,95.49601293083471,0.0,4,600.0,2282.0
28.6,94.90485211282503,0.0,4,600.0,2281.0
28.64,94.3139868376916,0.0,4,600.0,2281.0
28.680000000000003,93.72388583638404,0.0,4,600.0,2282.0
28.721,93.1343089896591,0.0,4,600.0,2282.0
28.76,92.5450164023844,0.0,4,600.0,2282.0
28.8,91.95624069142374,0.0,4,600.0,2282.0
28.840000000000003,91.36797812963846,0.0,4,600.0,2283.0
28.880000000000003,90.78022500179036,0.0,4,600.0,2282.0
28.92,90.1927414577256,0.0,4,600.0,2282.0
28.96,89.6059963003758,0.0,4,600.0,2282.0
29.0,89.01974950019357,0.0,4,600.0,2282.0
29.040000000000003,88.43399738857094,0.0,4,600.0,2281.0
29.080000000000002,87.84873630831572,0.0,4,600.0,2281.0
29.12,87.26419876027443,0.0,4,600.0,2281.0
29.16,86.68014476838495,0.0,4,600.0,2283.0
29.200000000000003,86.09657071189926,0.0,4,600.0,2282.0
29.240000000000002,85.51300068766535,0.0,4,600.0,2282.0
29.28,84.9301399186557,0.0,4,600.0,2282.0
29.321,84.34774847522448,0.0,4,600.0,2281.0
29.360000000000003,83.76582277746405,0.0,4,600.0,2281.0
29.400000000000002,83.18459540286109,0.0,4,600.0,2281.0
29.44,82.60382646044539,0.0,4,600.0,2281.0
29.48,82.02351240480527,0.0,4,600.0,2282.0
29.520000000000003,81.44364970093167,0.0,4,600.0,2282.0
29.560000000000002,80.86399867741332,0.0,4,600.0,2282.0
29.6,80.28479214694266,0.0,4,600.0,2281.0
29.64,79.70602660248255,0.0,4,600.0,2282.0
29.680000000000003,79.12793469378099,0.0,4,600.0,2282.0
29.720000000000002,78.55004046384512,0.0,4,600.0,2281.0
29.76,77.9725767602954,0.0,4,600.0,2283.0
29.8,77.39577626257687,0.0,4,600.0,2281.0
29.840000000000003,76.81892690028681,0.0,4,600.0,2281.0
29.880000000000003,76.24297015796553,0.0,4,600.0,2282.0
29.92,75.667429960887,0.0,4,600.0,2281.0
29.96,75.09206673620899,0.0,4,600.0,2281.0
29.999000000000002,74.51734952823587,0.0,4,600.0,2281.0
30.040000000000003,73.9430386138883,0.0,4,600.0,2281.0
30.080000000000002,73.36913059504602,0.0,4,600.0,2281.0
30.12,72.79562208277034,0.0,4,600.0,2281.0
30.16,72.22250969722995,0.0,4,600.0,2281.0
30.200000000000003,71.64979006762763,0.0,4,600.0,2282.0
30.240000000000002,71.07745983212806,0.0,4,600.0,2282.0
30.28,70.50527949106895,0.0,4,600.0,2282.0
30.32,69.93348200441758,0.0,4,600.0,2282.0
30.360000000000003,69.3620640341547,0.0,4,600.0,2282.0
30.400000000000002,68.79102225095305,0.0,4,600.0,2282.0
30.44,68.22035333411128,0.0,4,600.0,2282.0
30.48,67.65005397148907,0.0,4,600.0,2282.0
30.521,67.0801208594438,0.0,4,600.0,2282.0
30.560000000000002,66.51055070276873,0.0,4,600.0,2282.0
30.599,65.94134021463273,0.0,4,600.0,2282.0
30.64,65.37248611652181,0.0,4,600.0,2281.0
30.680000000000003,64.80398513818238,0.0,4,600.0,2281.0
30.720000000000002,64.23607016428419,0.0,4,600.0,2281.0
30.76,63.668501650782375,0.0,4,600.0,2282.0
30.8,63.10127635449248,0.0,4,600.0,2282.0
30.840000000000003,62.534154893559,0.0,4,600.0,2282.0
30.880000000000003,61.967370327214965,0.0,4,600.0,2282.0
30.92,61.40091943368313,0.0,4,600.0,2283.0
30.96,60.83479899911023,0.0,4,600.0,2283.0
31.000000000000004,60.26876967081165,0.0,4,600.0,2283.0
31.040000000000003,59.70306453201442,0.0,4,600.0,2283.0
31.080000000000002,59.137680389840234,0.0,4,600.0,2282.0
31.121000000000002,58.572614059211915,0.0,4,600.0,2282.0
31.16,58.008098509548276,0.0,4,600.0,2282.0
31.199,57.443894294980865,0.0,4,600.0,2282.0
31.240000000000002,56.87999825628666,0.0,4,600.0,2282.0
31.28,56.3164072419729,0.0,4,600.0,2282.0
31.32,55.753118108274,0.0,4,600.0,2282.0
31.360000000000003,55.190127719154745,0.0,4,600.0,2282.0
31.400000000000002,54.627432946320056,0.0,4,600.0,2282.0
31.44,54.06503066923215,0.0,4,600.0,2282.0
31.48,53.502917775135735,0.0,4,600.0,2282.0
31.520000000000003,52.94109115909199,0.0,4,600.0,2282.0
31.560000000000002,52.379547724022196,0.0,4,600.0,2282.0
31.6,51.81828438076213,0.0,4,600.0,2282.0
31.64,51.257298048128085,0.0,4,600.0,2282.0
31.680000000000003,50.696585652996006,0.0,4,600.0,2282.0
31.721,50.13614413039487,0.0,4,600.0,2282.0
31.76,49.57597042361616,0.0,4,600.0,2282.0
31.799000000000003,49.016061484340916,0.0,4,600.0,2282.0
31.840000000000003,48.456414272786574,0.0,4,600.0,2282.0
31.880000000000003,47.897025757875724,0.0,4,600.0,2282.0
31.92,47.33789291742951,0.0,4,600.0,2282.0
31.96,46.7790127383884,0.0,4,600.0,2282.0
32.00000000000001,46.220382217063886,0.0,4,600.0,2283.0
32.040000000000006,45.66199835942475,0.0,4,600.0,2283.0
32.080000000000005,45.10362203470461,0.0,4,600.0,2283.0
32.120000000000005,44.54548651716049,0.0,4,600.0,2282.0
32.160000000000004,43.98758884140653,0.0,4,600.0,2282.0
32.2,43.43016220003427,0.0,4,600.0,2282.0
32.239000000000004,42.872967406381875,0.0,4,600.0,2282.0
32.28000000000001,42.31600153297513,0.0,4,600.0,2282.0
32.32000000000001,41.75926166543835,0.0,4,600.0,2282.0
32.36000000000001,41.20274490328746,0.0,4,600.0,2282.0
32.400000000000006,40.646448360833226,0.0,4,600.0,2282.0
32.440000000000005,40.09036916821154,0.0,4,600.0,2282.0
32.480000000000004,39.5345044725603,0.0,4,600.0,2282.0
32.52,38.97885143936646,0.0,4,600.0,2282.0
32.56,38.42340725401081,0.0,4,600.0,2281.0
32.60000000000001,37.86816912354352,0.0,4,600.0,2282.0
32.64000000000001,37.313370425447786,0.0,4,600.0,2282.0
32.68000000000001,36.75853603837254,0.0,4,600.0,2282.0
32.720000000000006,36.20389948060431,0.0,4,600.0,2282.0
32.760000000000005,35.649458069788416,0.0,4,600.0,2282.0
32.800000000000004,35.09520915927747,0.0,4,600.0,2282.0
32.839000000000006,34.54115014247246,0.0,4,600.0,2282.0
32.88,33.98727845792114,0.0,4,600.0,2283.0
32.92100000000001,33.43359159533062,0.0,3,600.0,2283.0
32.96000000000001,32.879790713256085,0.0,3,600.0,2283.0
33.00000000000001,32.32616551878134,0.0,3,600.0,2282.0
33.040000000000006,31.772713228381402,0.0,3,600.0,2282.0
33.080000000000005,31.219667226005964,0.0,3,600.0,2282.0
33.120000000000005,30.66678855425025,0.0,3,600.0,2282.0
33.160000000000004,30.11407450112276,0.0,3,600.0,2281.0
33.2,29.561522383142403,0.0,3,600.0,2282.0
33.24,29.00936569559601,0.0,3,600.0,2282.0
33.28000000000001,28.457129463414866,0.0,3,600.0,2282.0
33.32000000000001,27.905047326824217,0.0,3,600.0,2283.0
33.36000000000001,27.353116758876887,0.0,3,600.0,2282.0
33.400000000000006,26.801099140061236,0.0,3,600.0,2282.0
33.440000000000005,26.249464415955227,0.0,3,600.0,2282.0
33.480000000000004,25.697974039386594,0.0,3,600.0,2282.0
33.52100000000001,25.14662575867474,0.0,3,600.0,2282.0
33.56,24.595417422965166,0.0,3,600.0,2282.0
33.60000000000001,24.044347001166845,0.0,3,600.0,2282.0
33.64000000000001,23.49341260549294,0.0,3,600.0,2281.0
33.68000000000001,22.94261252096114,0.0,3,600.0,2281.0
33.720000000000006,22.392181389404737,0.0,3,600.0,2281.0
33.760000000000005,21.84188176071261,0.0,3,600.0,2283.0
33.800000000000004,21.291712707374543,0.0,3,600.0,2282.0
33.84,20.74120140695006,0.0,3,600.0,2282.0
33.88,20.191056386340588,0.0,3,600.0,2282.0
33.92000000000001,19.641042064137633,0.0,3,600.0,2281.0
33.96000000000001,19.091159899300386,0.0,3,600.0,2281.0
34.00000000000001,18.54164860038491,0.0,2,600.0,2281.0
34.040000000000006,17.992058203598113,0.0,2,600.0,2282.0
34.080000000000005,17.442575581617447,0.0,2,600.0,2281.0
34.121,16.892963796032646,0.0,2,600.0,2281.0
34.159000000000006,16.34369486918507,0.0,2,600.0,2281.0
34.2,15.794532909286842,0.0,2,600.0,2283.0
34.24,15.24547903259242,0.0,2,600.0,2282.0
34.28000000000001,14.696063156924362,0.0,2,600.0,2282.0
34.32000000000001,14.14699753237892,0.0,2,600.0,2281.0
34.36000000000001,13.598051775902407,0.0,2,600.0,2281.0
34.400000000000006,13.04947085242301,0.0,2,600.0,2282.0
34.440000000000005,12.501031800436287,0.0,2,600.0,2282.0
34.480000000000004,11.95251845530166,0.0,2,600.0,2282.0
34.52,11.404197723784556,0.0,2,600.0,2282.0
34.56,10.856118084289847,0.0,2,600.0,2282.0
34.60000000000001,10.308359356733261,0.0,2,600.0,2282.0
34.64000000000001,9.761060851502263,0.0,2,600.0,2281.0
34.68000000000001,9.214486315436696,0.0,2,600.0,2281.0
34.720000000000006,8.66943297848253,0.0,2,600.0,2281.0
34.760000000000005,8.127087459620693,0.0,2,600.0,2282.0
34.800000000000004,7.58981460912152,0.0,2,600.0,2282.0
34.84,7.055940675871157,0.0,2,600.0,2282.0
34.88,6.525102647512554,0.0,2,600.0,2282.0
34.92000000000001,5.9972076057155945,0.0,2,600.0,2281.0
34.96000000000001,5.472268967137712,0.0,2,600.0,2281.0
35.00000000000001,4.950697239937231,0.0,2,600.0,2281.0
35.03900000000001,4.431944187991036,0.0,2,600.0,2281.0
35.080000000000005,3.916047493748692,0.0,1,600.0,2282.0
35.120000000000005,3.4025453160293426,0.0,1,600.0,2282.0
35.160000000000004,2.896737659155659,0.0,1,600.0,2282.0
35.2,2.3985579400078127,0.0,1,600.0,2282.0
35.24000000000001,1.9073809422035062,0.0,1,600.0,2283.0
35.28000000000001,1.4221688199337155,0.0,1,600.0,2283.0
35.32000000000001,0.9414093941150001,0.0,1,600.0,2283.0
35.36000000000001,0.46383555296185774,0.0,1,600.0,2282.0
35.400000000000006,-0.011332215219459395,0.0,1,600.0,2283.0
35.440000000000005,0.6147165077906152,0.0,1,600.0,2283.0
35.479000000000006,0.13847871955820376,0.0,1,600.0,2283.0
35.52,-0.3337295090164302,0.0,1,600.0,2283.0
35.56,0.2954578991342626,0.0,1,600.0,2283.0
35.60000000000001,-0.17817554887824888,0.0,1,600.0,2283.0
35.64000000000001,0.44961379490469094,0.0,1,600.0,2281.0
35.68000000000001,-0.02542415411510715,0.0,1,600.0,2283.0
35.720000000000006,0.6005156916091845,0.0,1,600.0,2283.0
35.760000000000005,0.12433524560812655,0.0,1,600.0,2283.0
35.800000000000004,-0.34774482124103195,0.0,1,600.0,2281.0
35.84,0.28156833375458923,0.0,1,600.0,2282.0
35.88,-0.19146651360193617,0.0,1,600.0,2282.0
35.92000000000001,0.43620631154323225,0.0,1,600.0,2282.0
35.96000000000001,-0.03847314255480582,0.0,1,600.0,2282.0
36.00000000000001,0.5878206673749782,0.0,1,600.0,2281.0
36.040000000000006,0.11192757868335393,0.0,1,600.0,2281.0
36.080000000000005,-0.3595677957219803,0.0,1,600.0,2281.0
36.120000000000005,0.26937911483822874,0.0,1,600.0,2281.0
36.160000000000004,-0.20354492025976767,0.0,1,600.0,2281.0
36.2,0.42400044421090033,0.0,1,600.0,2281.0
36.24000000000001,-0.050331512288113535,0.0,1,600.0,2282.0
36.28000000000001,0.5758331912375958,0.0,1,600.0,2282.0
36.32000000000001,0.09998841451941035,0.0,1,600.0,2282.0
36.36000000000001,-0.3716349813443373,0.0,1,600.0,2282.0
36.400000000000006,0.2576562890652812,0.0,1,600.0,2282.0
36.440000000000005,-0.21539734917929543,0.0,1,600.0,2282.0
36.480000000000004,0.4124907885647154,0.0,1,600.0,2282.0
36.52100000000001,-0.06197234317447506,0.0,1,600.0,2281.0
36.56,0.5645335585298835,0.0,1,600.0,2281.0
36.60000000000001,0.08897042887254479,0.0,1,600.0,2281.0
36.64000000000001,-0.38231706333168597,0.0,1,600.0,2281.0
36.68000000000001,0.24683383027129427,0.0,1,600.0,2282.0
36.720000000000006,-0.22588532569955422,0.0,1,600.0,2282.0
36.760000000000005,0.40209714222660187,0.0,1,600.0,2282.0
36.800000000000004,-0.07227121975938106,0.0,1,600.0,2282.0
36.84,0.5543276022494364,0.0,1,600.0,2282.0
36.88,0.07856938939420792,0.0,1,600.0,2282.0
36.92000000000001,-0.39286010114181846,0.0,1,600.0,2282.0
36.96000000000001,0.23662144202885935,0.0,1,600.0,2282.0
37.00000000000001,-0.2362410903428948,0.0,1,600.0,2281.0
37.040000000000006,0.39183449881786414,0.0,1,600.0,2281.0
37.07900000000001,-0.08220416296117354,0.0,1,600.0,2281.0
37.120000000000005,0.5442481125256771,0.0,1,600.0,2283.0
37.160000000000004,0.06881783214276022,0.0,1,600.0,2283.0
37.2,-0.40275955576092903,0.0,1,600.0,2283.0
